ID,Filename,Title,Description,Created At,Updated At,Source
51007716,1_xmdnlqlgmrou.png,XMDNLQLGMROU,,2026-10-03 01:11:05 UTC,2026-10-03 01:12:45 UTC,
30521417,2_mugler-x-gentle-monster-by-theo-liu-2024.jpg,"Mugler x Gentle Monster by Theo Liu, 2024",,2024-09-08 01:44:07 UTC,2026-10-05 22:02:29 UTC,
50099521,3_85014b6c322d3421d1e5f22d42a7a4b1-jpg-288x286.jpg,85014b6c322d3421d1e5f22d42a7a4b1.jpg (288×286),,2026-09-03 19:23:13 UTC,2026-10-03 01:17:05 UTC,https://i.pinimg.com/736x/85/01/4b/85014b6c322d3421d1e5f22d42a7a4b1.jpg
2396692,4_original_7b218caca54f22ea6cd12e3ed5f381cb-gif.gif,original_7b218caca54f22ea6cd12e3ed5f381cb.gif,,2018-07-06 20:02:07 UTC,2026-10-03 01:22:04 UTC,
17240404,5_275254008_4712068832256131_2977912509754557411_....jpg,275254008_4712068832256131_2977912509754557411_n.jpg?stp=dst-jpg_e35-cb=2d435ae8-ef10543b-_nc_ht=scontent-ort2-2.cdninstagra...,,2022-07-16 20:56:53 UTC,2026-10-03 01:23:00 UTC,https://www.instagram.com/p/CazapuiAsUW/
14843384,6_thaqif-nazri-type_poster_1-jpg.webp,thaqif-nazri-type_poster_1.jpg,,2022-01-24 15:44:17 UTC,2026-10-03 01:28:53 UTC,https://www.itsnicethat.com/articles/thaqif-nazri-graphic-design-270921
17232788,7_ae07777f77aa27d5091f5409b8c932e0-jpg.jpg,ae07777f77aa27d5091f5409b8c932e0.jpg,,2022-07-15 20:41:47 UTC,2026-10-03 01:23:53 UTC,https://www.pinterest.com/pin/385761524347528427/
11679695,8_paul-berges-anothergraphic-ag-graphic-design-in....jpg,paul-berges-anothergraphic-ag-graphic-design-inspiration.jpg,,2021-04-21 18:34:15 UTC,2026-10-03 01:24:07 UTC,https://anothergraphic.org/paul-berges/?utm_source=rss&utm_medium=rss&utm_campaign=paul-berges
17218075,9_f6f5eabd7464d0a3c59e6887be8b9703-jpg.jpg,f6f5eabd7464d0a3c59e6887be8b9703.jpg,,2022-07-15 00:08:03 UTC,2026-10-03 01:24:15 UTC,https://www.pinterest.com/search/pins/?q=modular%20type&rs=typed&term_meta[]=modular%7Ctyped&term_meta[]=type%7Ctyped
4545122,10_nike-adapt-bb-logo-exploration-and-pattern.webloc,Nike Adapt BB logo exploration and pattern.,"341 Likes, 4 Comments - FISK (@fiskprojects) on Instagram: ""Nike Adapt BB logo exploration and pattern.""",2019-07-01 00:50:36 UTC,2026-10-03 01:24:30 UTC,https://www.instagram.com/p/BzWoYLXB3iN/?igshid=5qxeq6rxk959
12957259,11_240492466_1645658692307797_1961337462483073695_....jpg,240492466_1645658692307797_1961337462483073695_n.jpg?_nc_ht=instagram.fcxh2-1.fna.fbcdn.net-_nc_cat=101-_nc_ohc=xu-y50rtvgqa...,,2021-08-25 22:44:55 UTC,2026-10-03 01:24:49 UTC,https://instagram.fcxh2-1.fna.fbcdn.net/v/t51.2885-15/e35/240492466_1645658692307797_1961337462483073695_n.jpg?_nc_ht=instagram.fcxh2-1.fna.fbcdn.net&_nc_cat=101&_nc_ohc=xu-Y50RTvgQAX-Rc0Hg&edm=AP_V10EBAAAA&ccb=7-4&oh=ac06cc501024c0cca38bb33a6963f733&oe=612D8103&_nc_sid=4f375e
471935,12_tumblr_nuod0okukc1qzgzyuo1_1280-jpg.jpg,tumblr_nuod0oKUKC1qzgzyuo1_1280.jpg,,2015-11-04 04:03:31 UTC,2026-10-03 22:18:57 UTC,http://40.media.tumblr.com/efbc72d875fae0fc62ef48bdf31085cd/tumblr_nuod0oKUKC1qzgzyuo1_1280.jpg
77462,13_untitled.jpg,,,2013-02-14 03:13:37 UTC,2026-10-04 08:10:27 UTC,
40294529,14_pharmacy-books.png,Pharmacy Books,https://www.instagram.com/p/C1XVH-VLrld/,2025-10-13 18:26:16 UTC,2026-10-03 19:21:59 UTC,
11467310,15_165334893_126710659418724_3513407957210030305_n....jpg,165334893_126710659418724_3513407957210030305_n.jpg?tp=1-_nc_ht=scontent-ort2-2.cdninstagram.com-_nc_cat=100-_nc_ohc=gfhdgci...,,2021-04-05 22:20:30 UTC,2026-10-03 01:55:15 UTC,https://www.instagram.com/p/CM-MJ3ljZiV/
6698168,16_img_0351-png.png,img_0351.png,,2020-04-02 18:26:15 UTC,2026-10-03 01:57:43 UTC,
20385017,17_nonymous-better-faster-cheaper.webloc,"NONYMOUS — Better, faster, cheaper.","An anonymous communications agency creating better, faster, and cheaper work.",2023-02-14 17:25:21 UTC,2026-10-03 01:58:58 UTC,https://nonymous.com/
22481891,18_digitalpain-forthe-metavers-2c.jpg,digitalpain forthe metavers 2C,,2023-07-01 00:33:51 UTC,2026-10-03 01:59:41 UTC,
38141400,19_image-to-emotion-by-services-generaux.png,IMAGE TO EMOTION By SERVICES GÉNÉRAUX,,2025-07-16 06:06:15 UTC,2026-10-05 20:50:11 UTC,
11666563,20_07acc8112263277-6011554ed4087-png.png,07acc8112263277.6011554ed4087.png,,2021-04-20 22:49:14 UTC,2026-10-03 02:16:16 UTC,
4094624,21_tumblr_pmunkies1s1slr2p9o1_500-jpg.jpg,tumblr_pmunkies1s1slr2p9o1_500.jpg,,2019-04-16 22:06:48 UTC,2026-10-03 02:00:15 UTC,https://66.media.tumblr.com/03486864b1dcea9ee1a1073e48f7f472/tumblr_pmunkies1S1slr2p9o1_500.jpg
15470412,22_image-png.png,image.png,,2022-03-07 16:14:00 UTC,2026-10-04 10:48:29 UTC,
18790370,23_7d3da37efd339e4f043b0d73ac7bd67385fb26be-jpg.jpg,7d3da37efd339e4f043b0d73ac7bd67385fb26be.jpg,,2022-11-02 12:52:56 UTC,2026-10-03 02:01:54 UTC,https://wxmatija.tumblr.com/
13672561,24_a-movie-poster-a-day-2-jfif.jpg,a-movie-poster-a-day-2-.jfif,,2021-10-22 13:45:41 UTC,2026-10-03 02:02:03 UTC,
11929956,25_05e912502c77ca8e1f6add876b117f78f2b63693-jpg.jpg,05e912502c77ca8e1f6add876b117f78f2b63693.jpg,,2021-05-12 17:45:15 UTC,2026-10-03 02:02:14 UTC,https://graphic-resign.tumblr.com/
3911820,26_tag-5-jpg.jpg,tag-5.jpg,,2019-03-21 20:31:24 UTC,2026-10-03 02:52:21 UTC,
10292607,27_syn_phon-graphic-notation-by-candas-sisman.webloc,SYN_Phon ( Graphic notation ) by Candas Sisman,Budapest Art Factory (BAF) is pleased to present to you SYN-Phon; sound performance based on graphical notation by Candaş Şişman featuring Barabás Lőrinc & Ö...,2021-01-18 16:03:19 UTC,2026-10-03 02:03:01 UTC,https://www.youtube.com/watch?v=Qv-e05xjGlQ
3619580,28_933varivln4-jpg.jpg,933varivln4.jpg,,2019-02-11 18:32:00 UTC,2026-10-03 22:27:23 UTC,
8221597,29_screen-shot-2020-08-04-at-12-55-33-am-png.png,screen-shot-2020-08-04-at-12.55.33-am.png,,2020-08-04 05:22:43 UTC,2026-10-03 09:40:29 UTC,
2791942,30_673182305bd7daceaa60052b54ebdb0f-jpg.jpg,673182305bd7daceaa60052b54ebdb0f.jpg,,2018-09-29 20:50:24 UTC,2026-10-03 02:03:46 UTC,https://i.pinimg.com/564x/67/31/82/673182305bd7daceaa60052b54ebdb0f.jpg
3838336,31_screen-shot-2019-03-11-at-12-22-02-pm-png.png,screen-shot-2019-03-11-at-12.22.02-pm.png,,2019-03-11 17:22:32 UTC,2026-10-03 02:03:59 UTC,
49258333,32_764862903_17908699779452504_1618777655514147151....jpg,"764862903_17908699779452504_1618777655514147151_n.jpg 1,494×1,992 pixels",,2026-08-05 04:51:15 UTC,2026-10-04 01:05:39 UTC,https://scontent-sea1-1.cdninstagram.com/v/t51.82787-15/764862903_17908699779452504_1618777655514147151_n.jpg?stp=dst-jpg_e35_tt6&_nc_cat=100&ig_cache_key=Mzk1NjY1NzExNzA4ODcxNzc5MA%3D%3D.3-ccb7-5&ccb=7-5&_nc_sid=58cdad&efg=eyJ2ZW5jb2RlX3RhZyI6IkNBUk9VU0VMX0lURU0ueHBpZHMuMTQ5NC5zZHIucmVndWxhcl9waG90by5DMyJ9&_nc_ohc=lk5jamXXOQAQ7kNvwFo_vA8&_nc_oc=AdrgOvDO97FKNy-2kC4JJVu7nHE2IYIbzk-834bdhhQlZp44IOnUXvqRCHRSnSVMtAxrGvm4cqDlnKhlyWmwRtY3&_nc_ad=z-m&_nc_cid=0&_nc_zt=23&_nc_ht=scontent-sea1-1.cdninstagram.com&_nc_gid=H9jfHWL643-Bym5K5ODXNw&_nc_ss=7a22e&oh=00_AQG4VaEkotBJr_XVbGRvCScoKPOCRIi97dZL30WPsIX21w&oe=6A786595
2163161,33_tumblr_otsdc7poho1qaruxco1_500-png.png,tumblr_otsdc7poho1qaruxco1_500.png,,2018-05-11 13:55:33 UTC,2026-10-04 01:14:34 UTC,https://78.media.tumblr.com/e8667d8c65d58254825c22e3449bb659/tumblr_otsdc7PoHo1qaruxco1_500.png